<?xml version="1.0" encoding="UTF-8"?>
<project-private xmlns="http://www.netbeans.org/ns/project-private/1">
    <editor-bookmarks xmlns="http://www.netbeans.org/ns/editor-bookmarks/2" lastBookmarkId="2"/>
    <open-files xmlns="http://www.netbeans.org/ns/projectui-open-files/2">
        <group>
            <file>file:/home/ximenes/Dev/compiladores/compilador/src/br/com/compiladorn/analisadorlexico/AnalisadorLexico.java</file>
            <file>file:/home/ximenes/Dev/compiladores/compilador/src/br/com/compiladorn/gui/AnalisadorLexicoGui.java</file>
            <file>file:/home/ximenes/Dev/compiladores/compilador/src/br/com/compiladorn/analisadorlexico/Token.java</file>
            <file>file:/home/ximenes/Dev/compiladores/compilador/src/br/com/compiladorn/Main.java</file>
        </group>
    </open-files>
</project-private>
